Model,Accuracy,Precision,Recall,F1 Score,AUC Score,Training Time (s),Inference Time (s),Parameters
RESNET1D,0.8936603235982498,0.8989766786202712,0.8936603235982498,0.8943437904900707,0.9579082702329264,2104.372566461563,1.7693347930908203,3849858
HYBRID_CNN_LSTM,0.9151317797903734,0.9153082097792072,0.9151317797903734,0.915201197938299,0.971627945524422,863.1609530448914,0.867156982421875,1035458
CNN1D,0.9369085173501577,0.9368370399388917,0.9369085173501577,0.9368515781539519,0.9808300471438098,3000.0,0.7957830429077148,705218
LSTM,0.9411824564974051,0.9422956864790021,0.9411824564974051,0.9413735174391661,0.9849413497083868,3000.0,5.514214992523193,903298
