Model,Accuracy,Precision,Recall,F1 Score,AUC Score,Training Time (s),Inference Time (s),Parameters
CNN1D,0.9369085173501577,0.9368370399388917,0.9369085173501577,0.9368515781539519,0.9808300471438098,3000.0,1.2937073707580566,705218
RESNET1D,0.8936603235982498,0.8989766786202712,0.8936603235982498,0.8943437904900707,0.9579082702329265,3000.0,1.339015007019043,3849858
HYBRID_CNN_LSTM,0.9151317797903734,0.9153082097792071,0.9151317797903734,0.915201197938299,0.971627945524422,3000.0,0.7191638946533203,1035458
